{
  "version": "placebo_results_v1",
  "generated_at_utc": "2026-02-23T12:30:09.103798Z",
  "inputs": {
    "eval_parquet": "/mnt/hdd_4tb_data/ArchivedWorks/MBT/Final/WE-FTT/evaluation_protocol/datasets/mbt_eval_samples_v1.parquet",
    "splits_json": "/mnt/hdd_4tb_data/ArchivedWorks/MBT/Final/WE-FTT/evaluation_protocol/data_splits/event_grouped_splits_v1.json",
    "placebo_plan_jsonl": "/mnt/hdd_4tb_data/ArchivedWorks/MBT/Final/WE-FTT/evaluation_protocol/placebo/plans/random_date_plan_v1.jsonl",
    "amsr2_root": "/mnt/hdd_4tb_data/ArchivedWorks/MBTpaper_raw_data/AMSR2"
  },
  "params": {
    "placebo_type": "random_date",
    "n_repeats": 100,
    "pre_days": 20,
    "post_days": 10,
    "pixels_per_event_day": 100,
    "control_dates_per_event": 1,
    "doy_window": 15,
    "seed": 42,
    "lat_limit": 70.0,
    "use_weights": true,
    "n_clusters": 5
  },
  "real_test": {
    "mcc": -0.045004999532166856,
    "fpr": 0.7590208875467918,
    "fpr_ci_low": 0.7558801657336254,
    "fpr_ci_high": 0.7621339179867356,
    "tp": 42770,
    "fp": 54544,
    "tn": 17317,
    "fn": 16681
  },
  "placebo": {
    "mcc_values": [
      -0.011642812788591604,
      0.038378212707611936,
      -0.036924881161929074,
      0.037042988246237855,
      0.01799242394461497,
      0.005775780639704085,
      -0.005442929881534292,
      -0.03290105114544164,
      0.012840690717789632,
      0.02367789212879377,
      0.013632286148397722,
      -0.0081565889223378,
      0.010807712208541077,
      0.033419743610604256,
      0.00962814059503487,
      -0.025273534039665757,
      -0.021433792701891264,
      0.030902789070019428,
      0.02944468507928217,
      0.008645401838368318,
      0.001982317755406359,
      0.017699693532757393,
      -0.05329317117329332,
      -0.03964409228296617,
      0.008832795457299914,
      -0.019276428289260305,
      0.03166744406710495,
      -0.010775344553765559,
      -0.012741088058221325,
      -0.00445340306385048,
      -0.0091970899537228,
      -0.04436252823218531,
      0.05499689468316652,
      0.03704800125471292,
      0.03201160526581542,
      0.021922968010948247,
      0.0057325898553529575,
      -0.042231019184475575,
      -0.0005787941403264465,
      -0.03245245160952144,
      0.01606598579165387,
      -0.009744616739760495,
      0.004294985615771809,
      -0.01930141955121761,
      -0.019481203259321095,
      0.003961387481289074,
      -0.001837050723571965,
      -0.017681623581928072,
      -0.025963594399826064,
      0.011368284292322553,
      -0.014998022375952878,
      0.0038263985623774163,
      0.010329847918461334,
      0.022594941119251043,
      -0.021957435599010162,
      -0.0033887346123634044,
      -0.032737531362661304,
      0.04254185891391368,
      0.005555553040722302,
      -0.004852392342618252,
      0.03904736878275496,
      -0.0007625384371663093,
      0.031710899302294565,
      0.02334608319713118,
      -0.012997296129529481,
      0.03864856995930282,
      0.017802136871297575,
      0.025374253650338893,
      -0.010964213501131009,
      0.065505902402446,
      0.031753220430788084,
      0.021517414062712136,
      -0.05980210265133979,
      -0.020694383982441004,
      -0.01013068699650817,
      0.042017289452761834,
      0.0007348113942876454,
      -0.008307035270228412,
      0.020681531151821655,
      0.04438533663305434,
      0.040892800350651654,
      0.01629835618016484,
      0.009805734862429588,
      0.021939226992014862,
      0.014317271502134958,
      -0.0054934932835670235,
      0.02666265337358706,
      0.007879544834781564,
      -0.030828787431142268,
      0.041186653713292824,
      0.0319564261968664,
      -0.01084369652093271,
      0.05113826147377795,
      0.009971398888368586,
      0.05633704844993631,
      -0.034520366815231414,
      -0.03323895981439198,
      -0.029149171567821784,
      0.013873323991340676,
      0.0008834134812923628
    ],
    "mean": 0.004998318730023163,
    "std": 0.02638535506203147,
    "z_score": -1.8951163682557255,
    "p_value_ge": 0.9801980198019802
  },
  "artifacts": {
    "mcc_csv": "/mnt/hdd_4tb_data/ArchivedWorks/MBT/Final/WE-FTT/evaluation_protocol/placebo/results/random_date_results_v1.mcc.csv",
    "table_csv": "/mnt/hdd_4tb_data/ArchivedWorks/MBT/Final/WE-FTT/evaluation_protocol/placebo/tables/tab_s6_placebo_random_date_v1.csv",
    "figure_png": "/mnt/hdd_4tb_data/ArchivedWorks/MBT/Final/WE-FTT/evaluation_protocol/placebo/figures/fig_s5_mcc_random_date_v1.png"
  },
  "weighting_artifacts": [
    {
      "feature": "BT_06_H",
      "n_clusters": 5,
      "cluster_centers": [
        110.33287048339844,
        245.35089111328125,
        197.33103942871094,
        87.96282196044922,
        272.2626647949219
      ],
      "cluster_weights": [
        0.05747542157769203,
        0.7735470533370972,
        0.03930123150348663,
        1.0,
        0.24462716281414032
      ]
    },
    {
      "feature": "BT_06_V",
      "n_clusters": 5,
      "cluster_centers": [
        175.678955078125,
        280.9695129394531,
        166.07350158691406,
        221.15638732910156,
        255.99319458007812
      ],
      "cluster_weights": [
        1.0,
        0.1603754311800003,
        0.4818325936794281,
        0.028945928439497948,
        0.3288460075855255
      ]
    },
    {
      "feature": "BT_10_H",
      "n_clusters": 5,
      "cluster_centers": [
        109.43424987792969,
        271.4964599609375,
        188.7086639404297,
        93.51023864746094,
        240.80491638183594
      ],
      "cluster_weights": [
        0.3799336552619934,
        0.7390905022621155,
        0.04304397851228714,
        1.0,
        0.6838871836662292
      ]
    },
    {
      "feature": "BT_10_V",
      "n_clusters": 5,
      "cluster_centers": [
        181.44842529296875,
        263.1243591308594,
        174.53663635253906,
        237.7872772216797,
        282.1553955078125
      ],
      "cluster_weights": [
        1.0,
        0.5846344828605652,
        0.4373543858528137,
        0.07449415326118469,
        0.052505288273096085
      ]
    },
    {
      "feature": "BT_23_H",
      "n_clusters": 5,
      "cluster_centers": [
        229.6428680419922,
        170.75059509277344,
        200.00123596191406,
        276.1978759765625,
        141.5581512451172
      ],
      "cluster_weights": [
        0.5967738628387451,
        0.17201389372348785,
        0.8973915576934814,
        1.0,
        0.3221515119075775
      ]
    },
    {
      "feature": "BT_23_V",
      "n_clusters": 5,
      "cluster_centers": [
        257.9914855957031,
        206.91798400878906,
        241.5899658203125,
        284.0496826171875,
        224.7053985595703
      ],
      "cluster_weights": [
        0.19367574155330658,
        0.40465137362480164,
        1.0,
        0.21599477529525757,
        0.18567810952663422
      ]
    },
    {
      "feature": "BT_36_H",
      "n_clusters": 5,
      "cluster_centers": [
        186.40060424804688,
        272.8726806640625,
        165.45358276367188,
        229.5366973876953,
        147.43014526367188
      ],
      "cluster_weights": [
        0.5308148860931396,
        1.0,
        0.534853994846344,
        0.04345717653632164,
        0.10912608355283737
      ]
    },
    {
      "feature": "BT_36_V",
      "n_clusters": 5,
      "cluster_centers": [
        236.41676330566406,
        280.9855651855469,
        224.39663696289062,
        259.5599670410156,
        214.13677978515625
      ],
      "cluster_weights": [
        0.6157692074775696,
        0.25062066316604614,
        0.7695567011833191,
        1.0,
        0.13470524549484253
      ]
    },
    {
      "feature": "BT_89_H",
      "n_clusters": 5,
      "cluster_centers": [
        275.9158935546875,
        211.8294677734375,
        252.9557342529297,
        232.55418395996094,
        191.1705780029297
      ],