{
  "version": "placebo_results_v8",
  "generated_at_utc": "2026-02-25T12:17:42.098103Z",
  "inputs": {
    "eval_parquet": "/mnt/hdd_4tb_data/ArchivedWorks/MBT/Final/WE-FTT/evaluation_protocol/datasets/mbt_eval_samples_v1.parquet",
    "splits_json": "/mnt/hdd_4tb_data/ArchivedWorks/MBT/Final/WE-FTT/evaluation_protocol/data_splits/event_grouped_splits_v1.json",
    "placebo_plan_jsonl": "/mnt/hdd_4tb_data/ArchivedWorks/MBT/Final/WE-FTT/evaluation_protocol/placebo/plans/random_date_plan_v2.jsonl",
    "amsr2_root": "/mnt/hdd_4tb_data/ArchivedWorks/MBTpaper_raw_data/AMSR2"
  },
  "params": {
    "placebo_type": "random_date",
    "n_repeats": 111,
    "pre_days": 20,
    "post_days": 10,
    "pixels_per_event_day": 100,
    "control_dates_per_event": 1,
    "doy_window": 15,
    "seed": 42,
    "lat_limit": 70.0,
    "zone_filter": "land",
    "aggregation": "day_mean",
    "use_weights": false,
    "n_clusters": 5,
    "min_rep_n": 200,
    "thr_select_mode": "fixed",
    "thr_fixed": 0.5,
    "thr_grid_n": 999,
    "tag": "v8"
  },
  "selection": {
    "thr_selected_on_val": 0.5,
    "val_at_thr": {
      "thr": 0.5,
      "mcc": 0.004098743871761409,
      "fpr": 0.4797687861271676,
      "fpr_ci_low": 0.4065743311059771,
      "fpr_ci_high": 0.5538421908641477,
      "tp": 75,
      "fp": 83,
      "tn": 90,
      "fn": 80
    }
  },
  "real_test": {
    "mcc": 0.38586041963298984,
    "fpr": 0.1875,
    "fpr_ci_low": 0.1293614169637685,
    "fpr_ci_high": 0.2638491807071743,
    "tp": 86,
    "fp": 24,
    "tn": 104,
    "fn": 66
  },
  "placebo": {
    "replicate_id": [
      0,
      6,
      7,
      18,
      19,
      20,
      29,
      33,
      34,
      35,
      39,
      45,
      48,
      51,
      53,
      57,
      62,
      63,
      64,
      65,
      69,
      73,
      74,
      84,
      85,
      89,
      91,
      92,
      97,
      99,
      104,
      105,
      119,
      120,
      121,
      132,
      137,
      138,
      143,
      144,
      153,
      154,
      157,
      161,
      174,
      179,
      183,
      184,
      186,
      198,
      201,
      202,
      206,
      207,
      210,
      214,
      215,
      222,
      232,
      234,
      235,
      236,
      244,
      245,
      247,
      249,
      255,
      256,
      259,
      265,
      272,
      279,
      284,
      285,
      287,
      289,
      291,
      293,
      294,
      302,
      303,
      311,
      312,
      314,
      318,
      320,
      321,
      326,
      327,
      328,
      329,
      330,
      335,
      336,
      340,
      341,
      354,
      356,
      358,
      362,
      365,
      368,
      369,
      370,
      371,
      375,
      382,
      383,
      387,
      391,
      392
    ],
    "n_samples": [
      217,
      216,
      207,
      214,
      249,
      279,
      247,
      215,
      216,
      217,
      215,
      217,
      204,
      217,
      243,
      217,
      203,
      247,
      247,
      247,
      225,
      216,
      216,
      238,
      228,
      247,
      216,
      217,
      215,
      216,
      222,
      242,
      214,
      212,
      217,
      247,
      203,
      207,
      216,
      217,
      202,
      200,
      215,
      221,
      216,
      202,
      214,
      216,
      217,
      207,
      235,
      216,
      217,
      204,
      216,
      247,
      216,
      247,
      200,
      246,
      241,
      217,
      245,
      217,
      217,
      246,
      217,
      244,
      216,
      217,
      276,
      217,
      243,
      217,
      216,
      235,
      209,
      216,
      248,
      217,
      200,
      247,
      238,
      272,
      231,
      217,
      216,
      247,
      240,
      240,
      217,
      217,
      217,
      217,
      216,
      246,
      217,
      247,
      217,
      217,
      215,
      215,
      217,
      247,
      217,
      217,
      231,
      216,
      204,
      215,
      262
    ],
    "mcc_values": [
      0.17559637273770481,
      -0.17073170731707318,
      0.08578972110075726,
      -0.10690709830924743,
      0.017229418503391943,
      -0.13465273800405583,
      -0.029078366116686613,
      -0.07986480125459423,
      -0.06768737088743446,
      -0.179025356436627,
      0.09526020335349271,
      -0.16666666666666666,
      0.03165916929302491,
      0.14155546659417956,
      -0.018102907588877344,
      -0.11150859922997375,
      -0.06693290334458457,
      -0.04540190345946296,
      -0.09311109212512976,
      -0.19253152928351636,
      -0.07381642452809006,
      0.08798529769907215,
      0.22292192888449738,
      -0.09129640590720722,
      -0.09832506203473945,
      -0.19366719638783794,
      -0.16282240225645903,
      -0.2299459010591179,
      0.09526020335349271,
      -0.17073170731707318,
      -0.08393044668177618,
      -0.17835471446119242,
      -0.16296948538481665,
      0.0915965098413051,
      -0.10356107385989036,
      0.03638566018708269,
      -0.2060789258223339,
      -0.2350418206205755,
      0.24494499950026039,
      -0.13523197575247356,
      0.06111454539642284,
      0.004185016341265212,
      -0.16688744655769053,
      -0.2957268891269588,
      0.08295252176997336,
      -0.030112262503865395,
      -0.0997858174011815,
      -0.09972784723641816,
      -0.14907119849998599,
      -0.14191217395624403,
      -0.1647033745577371,
      0.08295252176997336,
      -0.16666666666666666,
      -0.3312310953601472,
      -0.17073170731707318,
      -0.32524753323063194,
      -0.16282240225645903,
      -0.08567536533351162,
      -0.08963316323475064,
      0.024655683636076897,
      0.0013212441832658021,
      0.11150859922997375,
      0.028282563271346598,
      -0.05529505365291335,
      -0.2270366459394722,
      -0.2145906914477897,
      0.13270812876699203,
      -0.010585736591397032,
      -0.16282240225645903,
      -0.02041241452319315,
      -0.16394389043972085,
      -0.13043729868748774,
      -0.0800601331417189,
      -0.10356107385989036,
      -0.17073170731707318,
      -7.2801706469262e-05,
      -0.1258988107847396,
      -0.11559751716129021,
      0.00816088638568548,
      -0.03795721556079595,
      -0.020833333333333332,
      0.003510346462250498,
      -0.08841933683250419,
      -0.07418201672013588,
      0.05888594365876271,
      0.08000938831904314,
      -0.24139613226579004,
      0.021209353291483015,
      -0.23219182474467284,
      0.003815847968778007,
      0.1520613975455117,
      -0.09558988911273408,
      0.08759269928852931,
      0.06930007727578014,
      -0.08376415864883675,
      0.024549786646232672,
      -0.16666666666666666,
      -0.019869885635380176,
      0.19139420167833787,
      -0.06342083211746768,
      0.09453512645471501,
      0.24181594786635355,
      -0.07956710639677249,
      -0.22330047866184843,
      -0.07956710639677249,
      -0.11150859922997375,
      -0.10141116552491322,
      -0.16282240225645903,
      0.28610031577861056,
      -0.07101226324428586,
      -0.12955194779089216
    ],
    "mean": -0.05903768441399152,
    "std": 0.12550800352078903,
    "z_score": 3.544778751657412,
    "p_value_ge": 0.008928571428571428
  },
  "artifacts": {
    "mcc_csv": "/mnt/hdd_4tb_data/ArchivedWorks/MBT/Final/WE-FTT/evaluation_protocol/placebo/results/random_date_results_land_daymean_v8.mcc.csv",
    "table_csv": "/mnt/hdd_4tb_data/ArchivedWorks/MBT/Final/WE-FTT/evaluation_protocol/placebo/tables/tab_s6_placebo_random_date_v8.csv",
    "figure_png": "/mnt/hdd_4tb_data/ArchivedWorks/MBT/Final/WE-FTT/evaluation_protocol/placebo/figures/fig_s5_mcc_random_date_v8.png"
  },
  "weighting_artifacts": []
}