{
  "version": "placebo_results_v9p2",
  "generated_at_utc": "2026-02-26T04:27:02.629412Z",
  "inputs": {
    "eval_parquet": "/mnt/hdd_4tb_data/ArchivedWorks/MBT/Final/WE-FTT/evaluation_protocol/datasets/mbt_eval_samples_v1.parquet",
    "splits_json": "/mnt/hdd_4tb_data/ArchivedWorks/MBT/Final/WE-FTT/evaluation_protocol/data_splits/event_grouped_splits_v1.json",
    "placebo_plan_jsonl": "/mnt/hdd_4tb_data/ArchivedWorks/MBT/Final/WE-FTT/evaluation_protocol/placebo/plans/random_location_plan_v3_rep295_399.jsonl",
    "amsr2_root": "/mnt/hdd_4tb_data/ArchivedWorks/MBTpaper_raw_data/AMSR2"
  },
  "params": {
    "placebo_type": "random_location",
    "n_repeats": 105,
    "pre_days": 20,
    "post_days": 10,
    "pixels_per_event_day": 100,
    "control_dates_per_event": 1,
    "doy_window": 15,
    "seed": 42,
    "lat_limit": 70.0,
    "zone_filter": "land",
    "aggregation": "day_mean",
    "use_weights": false,
    "n_clusters": 5,
    "min_rep_n": 200,
    "thr_select_mode": "fixed",
    "thr_fixed": 0.5,
    "thr_grid_n": 999,
    "tag": "v9p2"
  },
  "selection": {
    "thr_selected_on_val": 0.5,
    "val_at_thr": {
      "thr": 0.5,
      "mcc": 0.004098743871761409,
      "fpr": 0.4797687861271676,
      "fpr_ci_low": 0.4065743311059771,
      "fpr_ci_high": 0.5538421908641477,
      "tp": 75,
      "fp": 83,
      "tn": 90,
      "fn": 80
    }
  },
  "real_test": {
    "mcc": 0.38586041963298984,
    "fpr": 0.1875,
    "fpr_ci_low": 0.1293614169637685,
    "fpr_ci_high": 0.2638491807071743,
    "tp": 86,
    "fp": 24,
    "tn": 104,
    "fn": 66
  },
  "placebo": {
    "replicate_id": [
      295,
      296,
      297,
      298,
      299,
      300,
      301,
      302,
      303,
      304,
      305,
      306,
      307,
      308,
      309,
      310,
      311,
      312,
      313,
      314,
      315,
      316,
      317,
      318,
      319,
      320,
      321,
      322,
      323,
      324,
      325,
      326,
      327,
      328,
      329,
      330,
      331,
      332,
      333,
      334,
      335,
      336,
      337,
      338,
      339,
      340,
      341,
      342,
      343,
      344,
      345,
      346,
      347,
      348,
      349,
      350,
      351,
      352,
      353,
      354,
      355,
      356,
      357,
      358,
      359,
      360,
      361,
      362,
      363,
      364,
      365,
      366,
      367,
      368,
      369,
      370,
      371,
      372,
      373,
      374,
      375,
      376,
      377,
      378,
      379,
      380,
      381,
      382,
      383,
      384,
      385,
      386,
      387,
      388,
      389,
      390,
      391,
      392,
      393,
      394,
      395,
      396,
      397,
      398,
      399
    ],
    "n_samples": [
      278,
      280,
      279,
      278,
      280,
      279,
      278,
      278,
      279,
      278,
      279,
      279,
      278,
      279,
      278,
      278,
      278,
      280,
      279,
      278,
      278,
      278,
      279,
      280,
      279,
      279,
      279,
      278,
      279,
      279,
      278,
      278,
      279,
      278,
      278,
      278,
      278,
      278,
      278,
      279,
      280,
      280,
      279,
      279,
      278,
      280,
      278,
      278,
      280,
      278,
      279,
      280,
      278,
      279,
      278,
      279,
      279,
      279,
      279,
      278,
      278,
      278,
      279,
      278,
      280,
      278,
      279,
      278,
      279,
      278,
      280,
      280,
      279,
      280,
      279,
      278,
      279,
      280,
      279,
      280,
      279,
      279,
      278,
      280,
      279,
      279,
      279,
      280,
      278,
      279,
      278,
      280,
      278,
      278,
      279,
      278,
      279,
      280,
      279,
      279,
      279,
      279,
      279,
      279,
      279
    ],
    "mcc_values": [
      -0.17209844207260033,
      -0.247652566910362,
      0.09820243648411875,
      0.059937597487016374,
      0.02835495550599261,
      0.035241569597400546,
      0.09990439943734485,
      0.09251331585955432,
      0.09763540085320421,
      0.13300510541817331,
      -0.00871677374021768,
      0.09182908248907624,
      0.14629525471162144,
      0.09391641997121636,
      -0.32725909539624437,
      -0.20017469362847956,
      -0.30433116482160827,
      0.0584257070361597,
      0.12720411592867,
      -0.14533565062928258,
      0.0645011019817704,
      0.13300510541817331,
      -0.2817966680546711,
      0.06520428357809624,
      0.058895208183538855,
      0.10251193394630613,
      0.1035517018330746,
      0.12607474181137754,
      0.042251517632787235,
      0.04764632548750594,
      0.10474097226048872,
      0.06103150634020676,
      0.0766906603266052,
      0.08054332784350016,
      0.11947679730523358,
      -0.2554389794872048,
      0.08993569503284302,
      0.09662750817120289,
      -0.24152313493245806,
      0.04756343761963787,
      -0.25409307339101816,
      0.12334823071779989,
      0.03089078239445798,
      0.11819221331638256,
      0.06859001784764711,
      0.029624302159179567,
      0.09251331585955432,
      0.1594953188909138,
      0.07282640947464977,
      0.11479047969131188,
      0.09622082614684642,
      -0.2744558889389464,
      0.12269419988558186,
      0.03234531939041887,
      0.0543589736926145,
      0.0033000087965976725,
      0.03378100273421793,
      0.11819221331638256,
      0.022462090128510002,
      0.1407887544996911,
      0.08375427702830739,
      0.1458004414888042,
      0.11178779798474617,
      0.08575339747640315,
      0.07282640947464977,
      0.08886581294081942,
      0.00567363971256772,
      0.1407887544996911,
      0.1083134975382325,
      0.12269419988558186,
      0.0649671052631579,
      0.027094326608585725,
      0.07456321574994948,
      0.052045397390176794,
      0.06775318261687342,
      0.07526932217099898,
      0.15376768680058736,
      -0.011707322644771175,
      0.0830985336290641,
      0.008646430798325933,
      0.1113798322924767,
      0.00025809185406448895,
      0.09087588770566225,
      0.04273790395106132,
      -0.22137242230431706,
      0.09498165054491144,
      0.08392484891862297,
      0.06520428357809624,
      0.1119787437582344,
      0.017685984644265653,
      -0.20377405197509083,
      -0.3275274696729968,
      0.09521635873504213,
      0.1407887544996911,
      0.05888915617587835,
      0.1326605865835094,
      0.12303411034466055,
      -0.20891244862037509,
      0.06284566211098588,
      0.05005435569894499,
      0.09968415888394722,
      0.057864193681258426,
      0.14176754724935725,
      0.14486234616955623,
      0.06961338695028899
    ],
    "mean": 0.0352450768634481,
    "std": 0.12237584204454044,
    "z_score": 2.865069910114001,
    "p_value_ge": 0.009433962264150943
  },
  "artifacts": {
    "mcc_csv": "/mnt/hdd_4tb_data/ArchivedWorks/MBT/Final/WE-FTT/evaluation_protocol/placebo/results/random_location_results_land_daymean_v9_part2.mcc.csv",
    "table_csv": "/mnt/hdd_4tb_data/ArchivedWorks/MBT/Final/WE-FTT/evaluation_protocol/placebo/tables/tab_s6_placebo_random_location_v9p2.csv",
    "figure_png": "/mnt/hdd_4tb_data/ArchivedWorks/MBT/Final/WE-FTT/evaluation_protocol/placebo/figures/fig_s5_mcc_random_location_v9p2.png"
  },
  "weighting_artifacts": []
}