{
  "version": "placebo_results_v1",
  "generated_at_utc": "2026-02-23T15:10:11.661200Z",
  "inputs": {
    "eval_parquet": "/mnt/hdd_4tb_data/ArchivedWorks/MBT/Final/WE-FTT/evaluation_protocol/datasets/mbt_eval_samples_v1.parquet",
    "splits_json": "/mnt/hdd_4tb_data/ArchivedWorks/MBT/Final/WE-FTT/evaluation_protocol/data_splits/event_grouped_splits_v1.json",
    "placebo_plan_jsonl": "/mnt/hdd_4tb_data/ArchivedWorks/MBT/Final/WE-FTT/evaluation_protocol/placebo/plans/random_location_plan_v1.jsonl",
    "amsr2_root": "/mnt/hdd_4tb_data/ArchivedWorks/MBTpaper_raw_data/AMSR2"
  },
  "params": {
    "placebo_type": "random_location",
    "n_repeats": 100,
    "pre_days": 20,
    "post_days": 10,
    "pixels_per_event_day": 100,
    "control_dates_per_event": 1,
    "doy_window": 15,
    "seed": 42,
    "lat_limit": 70.0,
    "use_weights": true,
    "n_clusters": 5
  },
  "real_test": {
    "mcc": -0.045004999532166856,
    "fpr": 0.7590208875467918,
    "fpr_ci_low": 0.7558801657336254,
    "fpr_ci_high": 0.7621339179867356,
    "tp": 42770,
    "fp": 54544,
    "tn": 17317,
    "fn": 16681
  },
  "placebo": {
    "mcc_values": [
      -0.02710550161960541,
      0.0005896645029676032,
      0.017492095152909882,
      -0.010399025471748457,
      0.03786983790487439,
      -0.014278624719054061,
      0.014976394610824074,
      0.008766855145218832,
      0.03433288201133446,
      0.02803055596002194,
      -0.00909718909421642,
      0.005882153190372619,
      0.00472782261407156,
      0.04348499570952673,
      -0.027810619643854288,
      0.005081378738324738,
      0.0017963057332121505,
      -0.018496764767147768,
      0.009204400776326989,
      0.039546937652195545,
      0.011249977931608455,
      0.02581647646575395,
      0.019062744741496735,
      0.030443500279776665,
      0.02617581239257794,
      -0.02659149942860607,
      0.03784732254578309,
      -0.004599279995347692,
      0.01090446401175525,
      0.03647350165529319,
      0.06011782065436984,
      0.04713176479613733,
      0.04981447532809622,
      0.07590740333809474,
      0.023424479494485752,
      -0.00017249488137783235,
      0.07829478393201934,
      -0.0746486301950582,
      -0.021815349859165972,
      0.046351409525444046,
      -0.015086819054460614,
      -0.0017913484551022533,
      0.01187314490983858,
      0.003326117120391583,
      -0.08616123736050957,
      0.005266427233207145,
      0.022833177759929203,
      0.02122484354057493,
      -0.04849175497628259,
      0.0577303788690479,
      -0.02168350413579085,
      0.052247064905647636,
      0.0791826225964163,
      -0.0058829840975124495,
      -0.0024567613359662652,
      0.002606780380044805,
      0.03318301546852379,
      -0.04033715775351173,
      -0.0022509176854603663,
      0.06242086634495572,
      0.03871039542967485,
      0.02213666740037167,
      0.03814258915389667,
      0.01164927028873196,
      -0.026996450410547712,
      -0.005379795178518509,
      -0.01220295568638918,
      -0.01586355335143214,
      -0.004416248304379751,
      -0.007285087682954046,
      -0.007610297781661464,
      -0.014423302047549746,
      -0.006033524489095301,
      0.029688741033156964,
      -0.05400660720015303,
      0.026067714518746222,
      0.048929028190322535,
      0.027513239859696333,
      -0.04773944285351265,
      -0.05126677688048521,
      -0.05240644684678958,
      0.08831925491259283,
      0.018977904382058916,
      -0.015439753482714029,
      0.005664788489661112,
      -0.013157427919548591,
      0.0378116037711283,
      -0.06483957439028715,
      -0.009398484587191756,
      -0.00016054466871700163,
      -0.05229183047882035,
      -0.018447949452494502,
      -0.013957222399738964,
      0.03250369542964224,
      -0.035811547413300844,
      0.040704706646109166,
      -0.011278387421922801,
      -0.050336023256621225,
      -0.008068878516199371,
      -0.0078693748831319
    ],
    "mean": 0.005836673033153057,
    "std": 0.03440911063529537,
    "z_score": -1.4775642736807957,
    "p_value_ge": 0.900990099009901
  },
  "artifacts": {
    "mcc_csv": "/mnt/hdd_4tb_data/ArchivedWorks/MBT/Final/WE-FTT/evaluation_protocol/placebo/results/random_location_results_v1.mcc.csv",
    "table_csv": "/mnt/hdd_4tb_data/ArchivedWorks/MBT/Final/WE-FTT/evaluation_protocol/placebo/tables/tab_s6_placebo_random_location_v1.csv",
    "figure_png": "/mnt/hdd_4tb_data/ArchivedWorks/MBT/Final/WE-FTT/evaluation_protocol/placebo/figures/fig_s5_mcc_random_location_v1.png"
  },
  "weighting_artifacts": [
    {
      "feature": "BT_06_H",
      "n_clusters": 5,
      "cluster_centers": [
        110.33287048339844,
        245.35089111328125,
        197.33103942871094,
        87.96282196044922,
        272.2626647949219
      ],
      "cluster_weights": [
        0.05747542157769203,
        0.7735470533370972,
        0.03930123150348663,
        1.0,
        0.24462716281414032
      ]
    },
    {
      "feature": "BT_06_V",
      "n_clusters": 5,
      "cluster_centers": [
        175.678955078125,
        280.9695129394531,
        166.07350158691406,
        221.15638732910156,
        255.99319458007812
      ],
      "cluster_weights": [
        1.0,
        0.1603754311800003,
        0.4818325936794281,
        0.028945928439497948,
        0.3288460075855255
      ]
    },
    {
      "feature": "BT_10_H",
      "n_clusters": 5,
      "cluster_centers": [
        109.43424987792969,
        271.4964599609375,
        188.7086639404297,
        93.51023864746094,
        240.80491638183594
      ],
      "cluster_weights": [
        0.3799336552619934,
        0.7390905022621155,
        0.04304397851228714,
        1.0,
        0.6838871836662292
      ]
    },
    {
      "feature": "BT_10_V",
      "n_clusters": 5,
      "cluster_centers": [
        181.44842529296875,
        263.1243591308594,
        174.53663635253906,
        237.7872772216797,
        282.1553955078125
      ],
      "cluster_weights": [
        1.0,
        0.5846344828605652,
        0.4373543858528137,
        0.07449415326118469,
        0.052505288273096085
      ]
    },
    {
      "feature": "BT_23_H",
      "n_clusters": 5,
      "cluster_centers": [
        229.6428680419922,
        170.75059509277344,
        200.00123596191406,
        276.1978759765625,
        141.5581512451172
      ],
      "cluster_weights": [
        0.5967738628387451,
        0.17201389372348785,
        0.8973915576934814,
        1.0,
        0.3221515119075775
      ]
    },
    {
      "feature": "BT_23_V",
      "n_clusters": 5,
      "cluster_centers": [
        257.9914855957031,
        206.91798400878906,
        241.5899658203125,
        284.0496826171875,
        224.7053985595703
      ],
      "cluster_weights": [
        0.19367574155330658,
        0.40465137362480164,
        1.0,
        0.21599477529525757,
        0.18567810952663422
      ]
    },
    {
      "feature": "BT_36_H",
      "n_clusters": 5,
      "cluster_centers": [
        186.40060424804688,
        272.8726806640625,
        165.45358276367188,
        229.5366973876953,
        147.43014526367188
      ],
      "cluster_weights": [
        0.5308148860931396,
        1.0,
        0.534853994846344,
        0.04345717653632164,
        0.10912608355283737
      ]
    },
    {
      "feature": "BT_36_V",
      "n_clusters": 5,
      "cluster_centers": [
        236.41676330566406,
        280.9855651855469,
        224.39663696289062,
        259.5599670410156,
        214.13677978515625
      ],
      "cluster_weights": [
        0.6157692074775696,
        0.25062066316604614,
        0.7695567011833191,
        1.0,
        0.13470524549484253
      ]
    },
    {
      "feature": "BT_89_H",
      "n_clusters": 5,
      "cluster_centers": [
        275.9158935546875,
        211.8294677734375,
        252.9557342529297,
        232.55418395996094,
        191.1705780029297
      ],