{
  "version": "placebo_results_v1",
  "generated_at_utc": "2026-02-23T13:47:08.850568Z",
  "inputs": {
    "eval_parquet": "/mnt/hdd_4tb_data/ArchivedWorks/MBT/Final/WE-FTT/evaluation_protocol/datasets/mbt_eval_samples_v1.parquet",
    "splits_json": "/mnt/hdd_4tb_data/ArchivedWorks/MBT/Final/WE-FTT/evaluation_protocol/data_splits/event_grouped_splits_v1.json",
    "placebo_plan_jsonl": "/mnt/hdd_4tb_data/ArchivedWorks/MBT/Final/WE-FTT/evaluation_protocol/placebo/plans/time_shift_plan_v1.jsonl",
    "amsr2_root": "/mnt/hdd_4tb_data/ArchivedWorks/MBTpaper_raw_data/AMSR2"
  },
  "params": {
    "placebo_type": "time_shift",
    "n_repeats": 100,
    "pre_days": 20,
    "post_days": 10,
    "pixels_per_event_day": 100,
    "control_dates_per_event": 1,
    "doy_window": 15,
    "seed": 42,
    "lat_limit": 70.0,
    "use_weights": true,
    "n_clusters": 5
  },
  "real_test": {
    "mcc": -0.045004999532166856,
    "fpr": 0.7590208875467918,
    "fpr_ci_low": 0.7558801657336254,
    "fpr_ci_high": 0.7621339179867356,
    "tp": 42770,
    "fp": 54544,
    "tn": 17317,
    "fn": 16681
  },
  "placebo": {
    "mcc_values": [
      0.008589245702214171,
      -0.0023418072623577653,
      -0.023832341629747407,
      -0.008028063685522528,
      -0.007683047527643753,
      0.01144103754396154,
      -0.027994748067482988,
      -0.01664336957623175,
      -0.040610206926970795,
      -0.028706244147956025,
      -0.008650208796901874,
      0.028883574791266582,
      0.004482861250782286,
      -0.016183066236373694,
      -0.0014721205117369553,
      0.007332491895941013,
      -0.01931626613709623,
      -0.003619708826450344,
      0.017039179001616698,
      -0.009393537188873589,
      -0.002266578408087557,
      -0.037546547232406656,
      -0.02236190891297868,
      0.021242590829447773,
      -0.02709133591985159,
      -0.024964003073532682,
      0.027790948505655565,
      -0.016555555629118632,
      -0.001968483453221026,
      -0.05482260004819196,
      -0.04400903396908639,
      0.009091590544181571,
      -0.033032955730840495,
      0.003930886741832478,
      0.018730242865682208,
      0.016814094136958422,
      0.011527615230035822,
      -0.009155646766847205,
      -0.014860547926458396,
      0.008319713358877356,
      -0.0024222193695701273,
      -0.0009279227983362148,
      -0.02437740520943647,
      -0.014018176893702643,
      -0.007368934120965541,
      -0.04669113350393811,
      0.016775741920905876,
      -0.0017768427608580047,
      -0.01267816433287606,
      -0.01674942779373885,
      -0.01986111510800621,
      -0.03465495519099728,
      -0.004970906789002894,
      -0.02873522823000993,
      -0.001690495008208839,
      0.04297257057920671,
      -0.012552770878744918,
      -0.006833854938039623,
      0.010773879943237053,
      0.03454753383439456,
      -0.00553742216878363,
      -0.037878591407719445,
      -0.004896554297301275,
      0.0320892330872825,
      -0.012853458629988832,
      0.021709539756180847,
      -0.019416189994395497,
      -0.011344681043153433,
      -0.022654290754982265,
      -0.011541401971766138,
      -0.006674699751266048,
      -0.0005964835366380967,
      -0.01280912011855042,
      -0.004247917951929817,
      -0.02510897758899255,
      -0.02222640517064183,
      -0.009164279081103245,
      0.001974400036062254,
      0.015227127783713969,
      0.036855904902461926,
      -0.019245078927873072,
      -0.05034474774908876,
      -0.03110659241907136,
      -0.023189494769996575,
      -0.02326718828734128,
      0.017282663456474237,
      0.007314361170506933,
      -0.026951757385998695,
      0.01968572321513956,
      0.013553945009804691,
      0.014241400825405651,
      -0.02863832768319161,
      -0.010701897366794689,
      -0.010479319303469709,
      -0.01854406165074535,
      -0.011649020701617918,
      0.015779969973597166,
      -0.020603429055623197,
      -0.006661681871333825,
      -0.025788224358004156
    ],
    "mean": -0.0075754071362293405,
    "std": 0.01994180465598824,
    "z_score": -1.8769410812988283,
    "p_value_ge": 0.9702970297029703
  },
  "artifacts": {
    "mcc_csv": "/mnt/hdd_4tb_data/ArchivedWorks/MBT/Final/WE-FTT/evaluation_protocol/placebo/results/time_shift_results_v1.mcc.csv",
    "table_csv": "/mnt/hdd_4tb_data/ArchivedWorks/MBT/Final/WE-FTT/evaluation_protocol/placebo/tables/tab_s6_placebo_time_shift_v1.csv",
    "figure_png": "/mnt/hdd_4tb_data/ArchivedWorks/MBT/Final/WE-FTT/evaluation_protocol/placebo/figures/fig_s5_mcc_time_shift_v1.png"
  },
  "weighting_artifacts": [
    {
      "feature": "BT_06_H",
      "n_clusters": 5,
      "cluster_centers": [
        110.33287048339844,
        245.35089111328125,
        197.33103942871094,
        87.96282196044922,
        272.2626647949219
      ],
      "cluster_weights": [
        0.05747542157769203,
        0.7735470533370972,
        0.03930123150348663,
        1.0,
        0.24462716281414032
      ]
    },
    {
      "feature": "BT_06_V",
      "n_clusters": 5,
      "cluster_centers": [
        175.678955078125,
        280.9695129394531,
        166.07350158691406,
        221.15638732910156,
        255.99319458007812
      ],
      "cluster_weights": [
        1.0,
        0.1603754311800003,
        0.4818325936794281,
        0.028945928439497948,
        0.3288460075855255
      ]
    },
    {
      "feature": "BT_10_H",
      "n_clusters": 5,
      "cluster_centers": [
        109.43424987792969,
        271.4964599609375,
        188.7086639404297,
        93.51023864746094,
        240.80491638183594
      ],
      "cluster_weights": [
        0.3799336552619934,
        0.7390905022621155,
        0.04304397851228714,
        1.0,
        0.6838871836662292
      ]
    },
    {
      "feature": "BT_10_V",
      "n_clusters": 5,
      "cluster_centers": [
        181.44842529296875,
        263.1243591308594,
        174.53663635253906,
        237.7872772216797,
        282.1553955078125
      ],
      "cluster_weights": [
        1.0,
        0.5846344828605652,
        0.4373543858528137,
        0.07449415326118469,
        0.052505288273096085
      ]
    },
    {
      "feature": "BT_23_H",
      "n_clusters": 5,
      "cluster_centers": [
        229.6428680419922,
        170.75059509277344,
        200.00123596191406,
        276.1978759765625,
        141.5581512451172
      ],
      "cluster_weights": [
        0.5967738628387451,
        0.17201389372348785,
        0.8973915576934814,
        1.0,
        0.3221515119075775
      ]
    },
    {
      "feature": "BT_23_V",
      "n_clusters": 5,
      "cluster_centers": [
        257.9914855957031,
        206.91798400878906,
        241.5899658203125,
        284.0496826171875,
        224.7053985595703
      ],
      "cluster_weights": [
        0.19367574155330658,
        0.40465137362480164,
        1.0,
        0.21599477529525757,
        0.18567810952663422
      ]
    },
    {
      "feature": "BT_36_H",
      "n_clusters": 5,
      "cluster_centers": [
        186.40060424804688,
        272.8726806640625,
        165.45358276367188,
        229.5366973876953,
        147.43014526367188
      ],
      "cluster_weights": [
        0.5308148860931396,
        1.0,
        0.534853994846344,
        0.04345717653632164,
        0.10912608355283737
      ]
    },
    {
      "feature": "BT_36_V",
      "n_clusters": 5,
      "cluster_centers": [
        236.41676330566406,
        280.9855651855469,
        224.39663696289062,
        259.5599670410156,
        214.13677978515625
      ],
      "cluster_weights": [
        0.6157692074775696,
        0.25062066316604614,
        0.7695567011833191,
        1.0,
        0.13470524549484253
      ]
    },
    {
      "feature": "BT_89_H",
      "n_clusters": 5,
      "cluster_centers": [
        275.9158935546875,
        211.8294677734375,
        252.9557342529297,
        232.55418395996094,
        191.1705780029297
      ],