{
  "version": "ocean_residualize_v1",
  "generated_at_utc": "2026-02-25T08:29:48.950980Z",
  "inputs": {
    "eval_parquet": "/mnt/hdd_4tb_data/ArchivedWorks/MBT/Final/WE-FTT/evaluation_protocol/datasets/mbt_eval_samples_v1.parquet",
    "splits_json": "/mnt/hdd_4tb_data/ArchivedWorks/MBT/Final/WE-FTT/evaluation_protocol/data_splits/event_grouped_splits_v1.json",
    "era5_daily_cache_dir": "/mnt/hdd_4tb_data/ArchivedWorks/MBT/Final/WE-FTT/evaluation_protocol/era5/cache/daily"
  },
  "params": {
    "alpha": 1.0,
    "include_geo_season": true,
    "seed": 42,
    "use_weights": true,
    "n_clusters": 5
  },
  "raw": {
    "mcc": 0.025862257460282735,
    "fpr": 0.5757548477701158,
    "fpr_ci_low": 0.5716394950103849,
    "fpr_ci_high": 0.5798597221804433,
    "tp": 22561,
    "fp": 31978,
    "tn": 23563,
    "fn": 14933,
    "n": 93035
  },
  "residual": {
    "mcc": -0.009618603300593342,
    "fpr": 0.36038242019409084,
    "fpr_ci_low": 0.35639935025454444,
    "fpr_ci_high": 0.36438480192459327,
    "tp": 13160,
    "fp": 20016,
    "tn": 35525,
    "fn": 24334,
    "n": 93035
  },
  "background_models": {
    "BT_06_H": {
      "intercept": 139.27976989746094,
      "coef": [
        -1.7378239631652832,
        0.12583504617214203,
        -3.4440107345581055,
        -3.445849657058716,
        0.6383886337280273,
        -0.12379822134971619,
        -13.9549560546875,
        -1.3838852643966675
      ]
    },
    "BT_06_V": {
      "intercept": 203.00758361816406,
      "coef": [
        -1.416583776473999,
        0.12732958793640137,
        -3.5672125816345215,
        -3.5681517124176025,
        0.36253440380096436,
        -0.06926321238279343,
        -6.640679359436035,
        -1.5032843351364136
      ]
    },
    "BT_10_H": {
      "intercept": 145.49986267089844,
      "coef": [
        -1.7070841789245605,
        0.1341184824705124,
        -3.5388267040252686,
        -3.540815830230713,
        0.6265260577201843,
        -0.1184144839644432,
        -13.509389877319336,
        -1.7479705810546875
      ]
    },
    "BT_10_V": {
      "intercept": 208.6525115966797,
      "coef": [
        -1.3269792795181274,
        0.12480399757623672,
        -3.5044445991516113,
        -3.506514310836792,
        0.34029048681259155,
        -0.06327252089977264,
        -6.246601104736328,
        -1.5671017169952393
      ]
    },
    "BT_23_H": {
      "intercept": 216.61831665039062,
      "coef": [
        -3.5158188343048096,
        0.5041230916976929,
        -15.295540809631348,
        -15.30042839050293,
        0.3802059292793274,
        -0.02938012033700943,
        -0.9649166464805603,
        -1.839637041091919
      ]
    },
    "BT_23_V": {
      "intercept": 249.19839477539062,
      "coef": [
        -2.1778459548950195,
        0.31263935565948486,
        -9.425915718078613,
        -9.428007125854492,
        0.18299554288387299,
        -0.009864140301942825,
        0.6082667112350464,
        -1.3791543245315552
      ]
    },
    "BT_36_H": {
      "intercept": 196.66204833984375,
      "coef": [
        -1.9189907312393188,
        0.23324309289455414,
        -7.495087623596191,
        -7.49766731262207,
        0.3765610158443451,
        -0.054247986525297165,
        -6.846016883850098,
        -2.3625898361206055
      ]
    },
    "BT_36_V": {
      "intercept": 239.52403259277344,
      "coef": [
        -1.2612942457199097,
        0.16052280366420746,
        -4.94714879989624,
        -4.947929382324219,
        0.15442988276481628,
        -0.01854744926095009,
        -2.0771591663360596,
        -1.7237703800201416
      ]
    },
    "BT_89_H": {
      "intercept": 250.3367156982422,
      "coef": [
        -2.353844165802002,
        0.3613464832305908,
        -10.583913803100586,
        -10.585597038269043,
        0.10078508406877518,
        0.020145952701568604,
        3.1315839290618896,
        -1.1725066900253296
      ]
    },
    "BT_89_V": {
      "intercept": 267.7778625488281,
      "coef": [
        -1.3557857275009155,
        0.21604283154010773,
        -5.897558212280273,
        -5.898106098175049,
        -0.011611063964664936,
        0.026387900114059448,
        3.912790536880493,
        -1.1742572784423828
      ]
    }
  },
  "weighting": {
    "raw": [
      {
        "feature": "BT_06_H",
        "n_clusters": 5,
        "cluster_centers": [
          85.13462829589844,
          247.74815368652344,
          169.18344116210938,
          219.47763061523438,
          273.3818359375
        ],
        "cluster_weights": [
          0.06842336803674698,
          0.9076106548309326,
          0.06300798058509827,
          0.03904201090335846,
          1.0
        ]
      },
      {
        "feature": "BT_06_V",
        "n_clusters": 5,
        "cluster_centers": [
          173.1334228515625,
          254.77438354492188,
          280.5021667480469,
          164.1865234375,
          223.29354858398438
        ],
        "cluster_weights": [
          0.5820482969284058,
          0.9692562222480774,
          1.0,
          0.5260273814201355,
          0.0252771507948637
        ]
      },
      {
        "feature": "BT_10_H",
        "n_clusters": 5,
        "cluster_centers": [
          100.16264343261719,
          268.9723205566406,
          231.12612915039062,
          91.31217193603516,
          174.10960388183594
        ],
        "cluster_weights": [
          0.4365587532520294,
          1.0,
          0.7995898723602295,
          0.39269399642944336,
          0.15654534101486206
        ]
      },
      {
        "feature": "BT_10_V",
        "n_clusters": 5,
        "cluster_centers": [
          180.0704345703125,
          259.443603515625,
          237.6241455078125,
          173.55760192871094,
          281.6080322265625
        ],
        "cluster_weights": [
          0.6785658001899719,
          0.7185043096542358,
          0.23860052227973938,
          0.6356706619262695,
          1.0
        ]
      },
      {
        "feature": "BT_23_H",
        "n_clusters": 5,
        "cluster_centers": [
          225.20346069335938,
          164.00274658203125,
          272.7880859375,
          138.18405151367188,
          192.14102172851562
        ],
        "cluster_weights": [
          0.6355841755867004,
          0.1447860598564148,
          0.6878364682197571,
          0.8029617667198181,
          1.0
        ]
      },
      {
        "feature": "BT_23_V",
        "n_clusters": 5,
        "cluster_centers": [
          254.78872680664062,
          220.10630798339844,
          282.26116943359375,
          236.77288818359375,
          204.51905822753906
        ],
        "cluster_weights": [
          0.9688714146614075,
          0.15794266760349274,
          1.0,
          0.6371413469314575,
          0.7639554142951965
        ]
      },
      {
        "feature": "BT_36_H",
        "n_clusters": 5,
        "cluster_centers": [
          174.02406311035156,
          273.317138671875,
          152.52621459960938,
          207.39588928222656,
          238.72349548339844
        ],
        "cluster_weights": [
          0.1519695520401001,
          1.0,
          0.037946030497550964,
          0.16104881465435028,
          0.9529746770858765
        ]
      },
      {
        "feature": "BT_36_V",
        "n_clusters": 5,
        "cluster_centers": [
          235.38650512695312,
          214.6833038330078,
          279.537841796875,
          224.22987365722656,
          254.76470947265625
        ],
        "cluster_weights": [
          0.12924735248088837,
          0.2073303610086441,
          1.0,
          0.37350377440452576,
          0.9630739092826843
        ]
      },
      {
        "feature": "BT_89_H",
        "n_clusters": 5,