{
  "version": "ocean_residualize_v1",
  "generated_at_utc": "2026-02-25T07:07:48.794315Z",
  "inputs": {
    "eval_parquet": "/home/panxiong/MBT/Final/WE-FTT/evaluation_protocol/datasets/mbt_eval_samples_v1.parquet",
    "splits_json": "/mnt/hdd_4tb_data/ArchivedWorks/MBT/Final/WE-FTT/evaluation_protocol/data_splits/event_grouped_splits_v1.json",
    "era5_daily_cache_dir": "/home/panxiong/MBT/Final/WE-FTT/evaluation_protocol/era5/cache/daily"
  },
  "params": {
    "alpha": 1.0,
    "include_geo_season": false,
    "seed": 42,
    "use_weights": true,
    "n_clusters": 5
  },
  "raw": {
    "mcc": 0.025862257460282735,
    "fpr": 0.5757548477701158,
    "fpr_ci_low": 0.5716394950103849,
    "fpr_ci_high": 0.5798597221804433,
    "tp": 22561,
    "fp": 31978,
    "tn": 23563,
    "fn": 14933,
    "n": 93035
  },
  "residual": {
    "mcc": -0.009940839082835131,
    "fpr": 0.4693289641886174,
    "fpr_ci_low": 0.46518080294628467,
    "fpr_ci_high": 0.4734813678238696,
    "tp": 17218,
    "fp": 26067,
    "tn": 29474,
    "fn": 20276,
    "n": 93035
  },
  "background_models": {
    "BT_06_H": {
      "intercept": 127.50811004638672,
      "coef": [
        -1.96676504611969,
        -0.10072886198759079,
        -17.865074157714844,
        -17.867931365966797
      ]
    },
    "BT_06_V": {
      "intercept": 196.74874877929688,
      "coef": [
        -1.5736939907073975,
        0.00783446803689003,
        -11.580451011657715,
        -11.581949234008789
      ]
    },
    "BT_10_H": {
      "intercept": 134.12989807128906,
      "coef": [
        -1.9414756298065186,
        -0.08310112357139587,
        -17.435773849487305,
        -17.438743591308594
      ]
    },
    "BT_10_V": {
      "intercept": 202.84632873535156,
      "coef": [
        -1.4777590036392212,
        0.014874191023409367,
        -10.891145706176758,
        -10.893735885620117
      ]
    },
    "BT_23_H": {
      "intercept": 214.2823486328125,
      "coef": [
        -4.017651081085205,
        0.5248962640762329,
        -20.838973999023438,
        -20.844511032104492
      ]
    },
    "BT_23_V": {
      "intercept": 248.61251831054688,
      "coef": [
        -2.457365036010742,
        0.3381405472755432,
        -11.741730690002441,
        -11.744123458862305
      ]
    },
    "BT_36_H": {
      "intercept": 190.997802734375,
      "coef": [
        -2.136749505996704,
        0.1398138701915741,
        -14.559587478637695,
        -14.562726020812988
      ]
    },
    "BT_36_V": {
      "intercept": 237.56771850585938,
      "coef": [
        -1.3712639808654785,
        0.13111042976379395,
        -7.493332386016846,
        -7.494319915771484
      ]
    },
    "BT_89_H": {
      "intercept": 252.23110961914062,
      "coef": [
        -2.6802544593811035,
        0.45237135887145996,
        -10.134453773498535,
        -10.136323928833008
      ]
    },
    "BT_89_V": {
      "intercept": 270.35784912109375,
      "coef": [
        -1.5279302597045898,
        0.29650551080703735,
        -3.8864519596099854,
        -3.8869760036468506
      ]
    }
  },
  "weighting": {
    "raw": [
      {
        "feature": "BT_06_H",
        "n_clusters": 5,
        "cluster_centers": [
          85.13462829589844,
          247.74815368652344,
          169.18344116210938,
          219.47763061523438,
          273.3818359375
        ],
        "cluster_weights": [
          0.06842336803674698,
          0.9076106548309326,
          0.06300798058509827,
          0.03904201090335846,
          1.0
        ]
      },
      {
        "feature": "BT_06_V",
        "n_clusters": 5,
        "cluster_centers": [
          173.1334228515625,
          254.77438354492188,
          280.5021667480469,
          164.1865234375,
          223.29354858398438
        ],
        "cluster_weights": [
          0.5820482969284058,
          0.9692562222480774,
          1.0,
          0.5260273814201355,
          0.0252771507948637
        ]
      },
      {
        "feature": "BT_10_H",
        "n_clusters": 5,
        "cluster_centers": [
          100.16264343261719,
          268.9723205566406,
          231.12612915039062,
          91.31217193603516,
          174.10960388183594
        ],
        "cluster_weights": [
          0.4365587532520294,
          1.0,
          0.7995898723602295,
          0.39269399642944336,
          0.15654534101486206
        ]
      },
      {
        "feature": "BT_10_V",
        "n_clusters": 5,
        "cluster_centers": [
          180.0704345703125,
          259.443603515625,
          237.6241455078125,
          173.55760192871094,
          281.6080322265625
        ],
        "cluster_weights": [
          0.6785658001899719,
          0.7185043096542358,
          0.23860052227973938,
          0.6356706619262695,
          1.0
        ]
      },
      {
        "feature": "BT_23_H",
        "n_clusters": 5,
        "cluster_centers": [
          225.20346069335938,
          164.00274658203125,
          272.7880859375,
          138.18405151367188,
          192.14102172851562
        ],
        "cluster_weights": [
          0.6355841755867004,
          0.1447860598564148,
          0.6878364682197571,
          0.8029617667198181,
          1.0
        ]
      },
      {
        "feature": "BT_23_V",
        "n_clusters": 5,
        "cluster_centers": [
          254.78872680664062,
          220.10630798339844,
          282.26116943359375,
          236.77288818359375,
          204.51905822753906
        ],
        "cluster_weights": [
          0.9688714146614075,
          0.15794266760349274,
          1.0,
          0.6371413469314575,
          0.7639554142951965
        ]
      },
      {
        "feature": "BT_36_H",
        "n_clusters": 5,
        "cluster_centers": [
          174.02406311035156,
          273.317138671875,
          152.52621459960938,
          207.39588928222656,
          238.72349548339844
        ],
        "cluster_weights": [
          0.1519695520401001,
          1.0,
          0.037946030497550964,
          0.16104881465435028,
          0.9529746770858765
        ]
      },
      {
        "feature": "BT_36_V",
        "n_clusters": 5,
        "cluster_centers": [
          235.38650512695312,
          214.6833038330078,
          279.537841796875,
          224.22987365722656,
          254.76470947265625
        ],
        "cluster_weights": [
          0.12924735248088837,
          0.2073303610086441,
          1.0,
          0.37350377440452576,
          0.9630739092826843
        ]
      },
      {
        "feature": "BT_89_H",
        "n_clusters": 5,
        "cluster_centers": [
          262.622314453125,
          220.96607971191406,
          196.5681915283203,
          242.9286346435547,
          280.02972412109375
        ],
        "cluster_weights": [
          0.3835016191005707,
          0.018535131588578224,
          0.15833346545696259,
          0.7933669686317444,
          1.0
        ]
      },
      {
        "feature": "BT_89_V",
        "n_clusters": 5,
        "cluster_centers": [
          279.6563415527344,
          242.6390380859375,
          256.8652038574219,
          211.0970458984375,
          269.1457824707031
        ],
        "cluster_weights": [
          1.0,
          0.3017599284648895,
          0.8084394335746765,
          0.5668017268180847,
          0.07348130643367767
        ]
      }
    ],
    "residual": [
      {
        "feature": "BT_06_H_resid",
        "n_clusters": 5,
        "cluster_centers": [
          147.97178649902344,
          -19.959646224975586,
          111.1249008178711,
          -32.43898391723633,
          53.59168243408203
        ],
        "cluster_weights": [
          1.0,
          0.043007154017686844,
          0.8363844156265259,
          0.09565768390893936,
          0.024950673803687096
        ]
      },
      {
        "feature": "BT_06_V_resid",
        "n_clusters": 5,