{
  "overall": {
    "tp": 1464,
    "fp": 586,
    "tn": 14814,
    "fn": 76,
    "MCC": 0.8044066825272694,
    "FPR": 0.03805194805194805
  },
  "n_strata": 4
}