stratum,n_events,n_pos,n_neg,MCC,MCC_CI_L,MCC_CI_U,FPR,FPR_CI_L,FPR_CI_U,dMCC,dMCC_L,dMCC_U,dFPR,dFPR_L,dFPR_U
0–70 km | M7.0–7.4,70,700,7000,0.8209390374116816,0.8038264722987974,0.8401016231743309,0.03428571428571429,0.030272016135318453,0.03881028129609189,0.01653235488441218,-0.005527795569023366,0.03882636300687741,-0.0037662337662337647,-0.008974025974025971,0.0012889610389610361
0–70 km | M≥7.5,38,380,3800,0.8212379073368378,0.7958340909300043,0.8477149801081472,0.03105263157894737,0.025993567827545444,0.03705886519763438,0.016831224809568335,-0.011722518406069879,0.04543298968824775,-0.006999316473000682,-0.013274692412850305,-0.0005151230348598759
≥70 km | M7.0–7.4,28,280,2800,0.750462784658503,0.7219501318417333,0.7807450250834453,0.0525,0.044834923242120274,0.06139128932910239,-0.05394389786876641,-0.08650777573035198,-0.02294347964335091,0.014448051948051946,0.005615259740259741,0.02338555194805194
≥70 km | M≥7.5,18,180,1800,0.797887195831886,0.76566014908616,0.8313651479380068,0.045,0.03635343779966088,0.05558449721659994,-0.006519486695383381,-0.04166990825237456,0.028982009528520033,0.006948051948051946,-0.0026278860028860055,0.016105339105339105
