{
  "version": "spatial_cv_v1",
  "timestamp_utc": "2026-02-27T00:03:50Z",
  "config": {
    "eval_parquet": "/mnt/hdd_4tb_data/ArchivedWorks/MBT/Final/WE-FTT/evaluation_protocol/datasets/mbt_eval_samples_v1.parquet",
    "splits_json": "/mnt/hdd_4tb_data/ArchivedWorks/MBT/Final/WE-FTT/evaluation_protocol/data_splits/event_grouped_splits_v1.json",
    "block_size_deg": 10.0,
    "min_events_per_block": 2,
    "val_ratio": 0.1,
    "max_folds": null,
    "failure_mcc": 0.6,
    "max_train_rows": 400000,
    "use_weights": false,
    "n_clusters": 5,
    "thr_grid_n": 301,
    "seed": 42
  },
  "n_blocks_evaluated": 27,
  "weighted_mean_mcc": -0.007276066249018756,
  "weighted_mean_fpr": 0.6889821165707611,
  "median_mcc": 0.0,
  "n_failed_blocks_mcc_lt_threshold": 27,
  "failed_block_keys": [
    "+30_+140",
    "-10_-080",
    "-40_-180",
    "-70_-030",
    "-20_+160",
    "+50_+160",
    "-60_-030",
    "+10_-080",
    "-20_-080",
    "-10_+150",
    "+10_-090",
    "+30_+070",
    "-30_+160",
    "-40_+170",
    "-10_+130",
    "-10_+140",
    "+20_+080",
    "+30_+030",
    "-30_-180",
    "+50_-160",
    "-40_-080",
    "+10_-110",
    "-30_+170",
    "+10_-100",
    "+00_+120",
    "+20_+060",
    "-10_+120"
  ],
  "reference_event_split": {
    "mcc": -0.11214959451437265,
    "fpr": 0.760315052671129,
    "fpr_ci_low": 0.7571800114881632,
    "fpr_ci_high": 0.763422264124426,
    "tp": 39150,
    "fp": 54637,
    "tn": 17224,
    "fn": 20301,
    "n": 131312,
    "threshold": 0.49327337675014327,
    "n_events_test": 13
  },
  "relative_drop_pct_vs_reference_mcc": -93.51217783664273
}