{
  "dataset_rows": 1387517,
  "split_rows": {
    "train": 1103560,
    "val": 152645,
    "test": 131312
  },
  "test_pos_rate": 0.4527461313512855,
  "results": [
    {
      "model": "SGD_raw",
      "thr_selected_on_val": 0.5374249999999999,
      "val_mcc_at_thr": 0.0071332129276993166,
      "test_mcc": -0.0629912952814804,
      "test_fpr": 0.25407383699085734,
      "tp": 11939,
      "fp": 18258,
      "tn": 53603,
      "fn": 47512
    },
    {
      "model": "HGB_raw",
      "thr_selected_on_val": 0.43512999999999996,
      "val_mcc_at_thr": 0.02108602511736959,
      "test_mcc": 0.03137042936845641,
      "test_fpr": 0.1262158890079459,
      "tp": 8788,
      "fp": 9070,
      "tn": 62791,
      "fn": 50663
    }
  ]
}